YEAR,DEPT,VALID,BLANK,VOID,REJECT,BALLOTS,PFA,PDC,PN,PC,PI,PINT,PLib,PLab2,PLab1,PT,PNE,PUC,PUCU,PVEE,PDS,PA,PSS,PAO,PMJ,PDL,PR,PMP,PGP,PMJ,PCONV,PUP,PURC,PJP,PJDO,PAT,PF,PFIL,PS,PMCC,PMRO,POR,PCOM,UDR,MRENOV,PCPYSS,POSIN,PNI,PFCAP,PO,PAP
2009,MONTEVIDEO ,904327,7335,10209,,929324,522205,,202210,138987,31238,,,,,,,,,,,,,,,,,,,,,,,,,,,,,,,,,,,,,,,,9687
2009,CANELONES ,314439,3954,5142,,325570,166185,,91412,46580,7888,,,,,,,,,,,,,,,,,,,,,,,,,,,,,,,,,,,,,,,,2374
2009,MALDONADO ,105683,1184,1619,,109036,44580,,34409,23231,3145,,,,,,,,,,,,,,,,,,,,,,,,,,,,,,,,,,,,,,,,318
2009,ROCHA ,51655,771,726,,53474,22123,,18067,10305,879,,,,,,,,,,,,,,,,,,,,,,,,,,,,,,,,,,,,,,,,281
2009,TREINTA Y TRES ,36054,379,433,,36992,14111,,16009,5353,469,,,,,,,,,,,,,,,,,,,,,,,,,,,,,,,,,,,,,,,,112
2009,CERRO LARGO ,60736,686,532,,62226,24968,,26508,8489,609,,,,,,,,,,,,,,,,,,,,,,,,,,,,,,,,,,,,,,,,162
2009,RIVERA ,71820,886,603,,73693,24974,,25976,20002,724,,,,,,,,,,,,,,,,,,,,,,,,,,,,,,,,,,,,,,,,144
2009,ARTIGAS ,51162,508,546,,52428,19362,,21464,9801,422,,,,,,,,,,,,,,,,,,,,,,,,,,,,,,,,,,,,,,,,113
2009,SALTO ,84230,1007,811,,86432,39982,,23344,19445,1243,,,,,,,,,,,,,,,,,,,,,,,,,,,,,,,,,,,,,,,,216
2009,PAYSANDÚ ,78926,924,904,,81225,37056,,28451,11677,1456,,,,,,,,,,,,,,,,,,,,,,,,,,,,,,,,,,,,,,,,286
2009,RÍO NEGRO ,37239,345,426,,38181,15480,,11604,9447,612,,,,,,,,,,,,,,,,,,,,,,,,,,,,,,,,,,,,,,,,96
2009,SORIANO  ,61376,672,736,,63117,27595,,19098,13530,893,,,,,,,,,,,,,,,,,,,,,,,,,,,,,,,,,,,,,,,,260
2009,COLONIA ,89660,823,1129,,92078,35369,,32720,19221,2134,,,,,,,,,,,,,,,,,,,,,,,,,,,,,,,,,,,,,,,,216
2009,SAN JOSÉ ,69765,806,993,,71954,30783,,25305,11860,1378,,,,,,,,,,,,,,,,,,,,,,,,,,,,,,,,,,,,,,,,439
2009,FLORES ,19439,202,152,,19878,6146,,8815,4162,243,,,,,,,,,,,,,,,,,,,,,,,,,,,,,,,,,,,,,,,,73
2009,FLORIDA ,50187,509,450,,51412,19750,,18604,10459,1147,,,,,,,,,,,,,,,,,,,,,,,,,,,,,,,,,,,,,,,,227
2009,DURAZNO ,41705,483,467,,42836,14870,,17819,8019,876,,,,,,,,,,,,,,,,,,,,,,,,,,,,,,,,,,,,,,,,121
2009,LAVALLEJA ,45589,562,508,,46864,14411,,19522,10488,1040,,,,,,,,,,,,,,,,,,,,,,,,,,,,,,,,,,,,,,,,128
2009,TACUAREMBÓ ,66307,792,564,,67966,25312,,28605,11251,964,,,,,,,,,,,,,,,,,,,,,,,,,,,,,,,,,,,,,,,,175
2009,URUGUAY,2240299,22828,26950,,2304686,1105262,,669942,392307,57360,,,,,,,,,,,,,,,,,,,,,,,,,,,,,,,,,,,,,,,,15428
2004,MONTEVIDEO ,903103,11386,8262,24,922775,565974,,226552,76099,24933,5183,,1079,,282,,,,,,,,,,,,,,,,,,,,,,,,,,,,,,,,,,,
2004,CANELONES ,296394,4347,3678,11,304430,161879,,98844,28044,5176,1655,,107,,99,,,,,,,,,,,,,,,,,,,,,,,,,,,,,,,,,,,
2004,MALDONADO ,95614,1516,1049,3,98182,46945,,36218,9278,2620,140,,287,,0,,,,,,,,,,,,,,,,,,,,,,,,,,,,,,,,,,,
2004,ROCHA ,50402,1174,595,6,52177,22879,,20196,6534,553,162,,0,,0,,,,,,,,,,,,,,,,,,,,,,,,,,,,,,,,,,,
2004,TREINTA Y TRES ,33780,650,373,4,34807,13047,,16386,3907,391,35,,0,,0,,,,,,,,,,,,,,,,,,,,,,,,,,,,,,,,,,,
2004,CERRO LARGO ,59240,1045,451,13,60749,23111,,29129,6700,291,4,,0,,0,,,,,,,,,,,,,,,,,,,,,,,,,,,,,,,,,,,
2004,RIVERA ,69271,1056,600,7,70934,21300,,32006,15419,347,21,,0,,70,,,,,,,,,,,,,,,,,,,,,,,,,,,,,,,,,,,
2004,ARTIGAS ,49502,628,455,7,50592,16220,,24517,8563,153,0,,0,,0,,,,,,,,,,,,,,,,,,,,,,,,,,,,,,,,,,,
2004,SALTO ,79485,1144,768,15,81412,35359,,31823,11610,479,7,,0,,29,,,,,,,,,,,,,,,,,,,,,,,,,,,,,,,,,,,
2004,PAYSANDÚ ,75647,1062,729,14,77452,35053,,35357,4720,472,0,,0,,0,,,,,,,,,,,,,,,,,,,,,,,,,,,,,,,,,,,
2004,RÍO NEGRO ,35065,502,275,3,35845,14240,,15558,4926,235,51,,13,,5,,,,,,,,,,,,,,,,,,,,,,,,,,,,,,,,,,,
2004,SORIANO  ,59596,921,623,2,61142,26332,,25617,7015,574,36,,0,,0,,,,,,,,,,,,,,,,,,,,,,,,,,,,,,,,,,,
2004,COLONIA ,86283,1260,1038,0,88581,36677,,37302,10136,1527,364,,62,,23,,,,,,,,,,,,,,,,,,,,,,,,,,,,,,,,,,,
2004,SAN JOSÉ ,66741,999,662,10,68412,29277,,29663,6683,799,194,,0,,0,,,,,,,,,,,,,,,,,,,,,,,,,,,,,,,,,,,
2004,FLORES ,18631,281,145,1,19058,6049,,9567,2796,183,6,,0,,0,,,,,,,,,,,,,,,,,,,,,,,,,,,,,,,,,,,
2004,FLORIDA ,49889,692,407,16,51004,21042,,20495,7413,678,212,,0,,5,,,,,,,,,,,,,,,,,,,,,,,,,,,,,,,,,,,
2004,DURAZNO ,39880,584,359,7,40830,13524,,19456,6117,466,292,,0,,0,,,,,,,,,,,,,,,,,,,,,,,,,,,,,,,,,,,
2004,LAVALLEJA ,44795,818,419,6,46038,14612,,22122,7189,761,9,,0,,0,,,,,,,,,,,,,,,,,,,,,,,,,,,,,,,,,,,
2004,TACUAREMBÓ ,63721,966,495,9,65191,21241,,33931,7887,373,201,,0,,0,,,,,,,,,,,,,,,,,,,,,,,,,,,,,,,,,,,
2004,URUGUAY,2177039,31031,21383,158,2229611,1124761,,764739,231036,41011,8572,,1548,,513,,,,,,,,,,,,,,,,,,,,,,,,,,,,,,,,,,,
1999,MONTEVIDEO ,941066,7211,8467,45,956789,484441,,118569,278684,,,,,,,51071,3126,,,,,,,,,,,,,,,,,,,,,,,,,,,,,,,,,
1999,CANELONES ,272556,3236,4309,31,280132,106571,,59832,90355,,,,,,,13932,481,,,,,,,,,,,,,,,,,,,,,,,,,,,,,,,,,
1999,MALDONADO ,86094,1240,926,5,88265,30501,,20168,30485,,,,,,,4199,226,,,,,,,,,,,,,,,,,,,,,,,,,,,,,,,,,
1999,ROCHA ,49810,890,598,7,51305,14016,,15824,17984,,,,,,,1534,38,,,,,,,,,,,,,,,,,,,,,,,,,,,,,,,,,
1999,TREINTA Y TRES ,33457,428,336,9,34230,7672,,13349,10982,,,,,,,1106,9,,,,,,,,,,,,,,,,,,,,,,,,,,,,,,,,,
1999,CERRO LARGO ,57213,844,530,14,58601,15233,,21814,18376,,,,,,,1401,23,,,,,,,,,,,,,,,,,,,,,,,,,,,,,,,,,
1999,RIVERA ,67484,925,733,16,69158,13083,,24418,28095,,,,,,,1435,68,,,,,,,,,,,,,,,,,,,,,,,,,,,,,,,,,
1999,ARTIGAS ,48158,476,463,9,49106,10907,,16595,19753,,,,,,,658,35,,,,,,,,,,,,,,,,,,,,,,,,,,,,,,,,,
1999,SALTO ,76606,994,746,17,78363,24029,,19782,29490,,,,,,,2715,143,,,,,,,,,,,,,,,,,,,,,,,,,,,,,,,,,
1999,PAYSANDÚ ,74024,860,746,0,75630,30921,,19119,20654,,,,,,,2506,143,,,,,,,,,,,,,,,,,,,,,,,,,,,,,,,,,
1999,RÍO NEGRO ,34134,387,267,6,34794,9832,,8250,14314,,,,,,,1471,31,,,,,,,,,,,,,,,,,,,,,,,,,,,,,,,,,
1999,SORIANO  ,58348,711,647,15,59721,19273,,14875,21697,,,,,,,1952,55,,,,,,,,,,,,,,,,,,,,,,,,,,,,,,,,,
1999,COLONIA ,84509,989,911,7,86416,25198,,25639,28197,,,,,,,4860,83,,,,,,,,,,,,,,,,,,,,,,,,,,,,,,,,,
1999,SAN JOSÉ ,64303,789,716,10,65818,19990,,21704,19622,,,,,,,2370,213,,,,,,,,,,,,,,,,,,,,,,,,,,,,,,,,,
1999,FLORES ,18512,214,144,1,18871,3996,,7343,6499,,,,,,,555,44,,,,,,,,,,,,,,,,,,,,,,,,,,,,,,,,,
1999,FLORIDA ,48425,453,477,0,49355,13958,,15491,16897,,,,,,,1691,65,,,,,,,,,,,,,,,,,,,,,,,,,,,,,,,,,
1999,DURAZNO ,38806,387,353,5,39551,8445,,14693,14206,,,,,,,1202,45,,,,,,,,,,,,,,,,,,,,,,,,,,,,,,,,,
1999,LAVALLEJA ,45213,605,362,8,46188,9457,,15954,17805,,,,,,,1627,63,,,,,,,,,,,,,,,,,,,,,,,,,,,,,,,,,
1999,TACUAREMBÓ ,61271,794,509,17,62591,13679,,25561,19820,,,,,,,1658,218,,,,,,,,,,,,,,,,,,,,,,,,,,,,,,,,,
1999,URUGUAY,2159989,22433,22240,222,2204884,861202,,478980,703915,,,,,,,97943,5109,,,,,,,,,,,,,,,,,,,,,,,,,,,,,,,,,
1994,MONTEVIDEO ,918486,23547,9059,,951092,405111,,193566,243921,,,,,,253,66696,1050,,3654,1400,1310,828,296,161,93,78,69,,,,,,,,,,,,,,,,,,,,,,,
1994,CANELONES ,238113,8896,5783,,252792,66448,,73668,82831,,,,,,34,13865,197,,550,294,176,0,0,0,11,39,0,,,,,,,,,,,,,,,,,,,,,,,
1994,MALDONADO ,72879,862,849,,74590,13725,,30033,25113,,,,,,0,3695,76,,124,101,12,0,0,0,0,0,0,,,,,,,,,,,,,,,,,,,,,,,
1994,ROCHA ,46275,2493,498,,49266,6267,,18017,20376,,,,,,1,1496,6,,91,19,0,0,0,0,2,0,0,,,,,,,,,,,,,,,,,,,,,,,
1994,TREINTA Y TRES ,31598,1196,290,,33084,3842,,14501,12093,,,,,,0,1069,7,,25,47,14,0,0,0,0,0,0,,,,,,,,,,,,,,,,,,,,,,,
1994,CERRO LARGO ,54415,530,2093,,57038,7736,,28053,17747,,,,,,2,673,28,,170,6,0,0,0,0,0,0,0,,,,,,,,,,,,,,,,,,,,,,,
1994,RIVERA ,62896,2747,816,,66459,5872,,24706,31611,,,,,,57,567,58,,5,18,0,0,0,0,2,0,0,,,,,,,,,,,,,,,,,,,,,,,
1994,ARTIGAS ,45508,1097,570,,47175,6148,,19150,19723,,,,,,0,415,28,,12,32,0,0,0,0,0,0,0,,,,,,,,,,,,,,,,,,,,,,,
1994,SALTO ,70079,3665,1025,,74769,14637,,24518,29311,,,,,,8,1274,99,,130,1,101,0,0,0,0,0,0,,,,,,,,,,,,,,,,,,,,,,,
1994,PAYSANDÚ ,65281,6088,696,,72065,17804,,24553,21127,,,,,,0,1566,89,,75,67,0,0,0,0,0,0,0,,,,,,,,,,,,,,,,,,,,,,,
1994,RÍO NEGRO ,31236,987,415,,32638,5636,,11510,13335,,,,,,2,715,7,,18,13,0,0,0,0,0,0,0,,,,,,,,,,,,,,,,,,,,,,,
1994,SORIANO  ,54300,2913,890,,58103,11818,,20734,20088,,,,,,5,1430,51,,173,1,0,0,0,0,0,0,0,,,,,,,,,,,,,,,,,,,,,,,
1994,COLONIA ,79965,2893,924,,83782,16174,,30918,29762,,,,,,3,2830,58,,133,86,0,0,0,0,1,0,0,,,,,,,,,,,,,,,,,,,,,,,
1994,SAN JOSÉ ,59066,5063,2281,,66410,12014,,25955,18018,,,,,,1,2667,174,,229,8,0,0,0,0,0,0,0,,,,,,,,,,,,,,,,,,,,,,,
1994,FLORES ,17201,910,176,,18287,2384,,8490,5783,,,,,,1,468,24,,43,8,0,0,0,0,0,0,0,,,,,,,,,,,,,,,,,,,,,,,
1994,FLORIDA ,45844,1513,488,,47845,8533,,17609,17788,,,,,,8,1826,11,,23,23,0,0,21,0,2,0,0,,,,,,,,,,,,,,,,,,,,,,,
1994,DURAZNO ,35734,1486,803,,38023,4330,,18477,11837,,,,,,0,1022,23,,8,28,0,0,0,0,9,0,0,,,,,,,,,,,,,,,,,,,,,,,
1994,LAVALLEJA ,42951,2014,496,,45461,5047,,19903,16645,,,,,,0,1222,35,,14,69,0,0,16,0,0,0,0,,,,,,,,,,,,,,,,,,,,,,,
1994,TACUAREMBÓ ,57454,2242,670,,60366,7700,,29023,19319,,,,,,3,1277,42,,21,37,32,0,0,0,0,0,0,,,,,,,,,,,,,,,,,,,,,,,
1994,URUGUAY ,2029281,71142,28822,,2129245,621226,,633384,656428,,,,,,378,104773,2063,,5498,2258,1645,828,333,161,120,117,69,,,,,,,,,,,,,,,,,,,,,,,
1989,MONTEVIDEO ,906802,31386,8207,,946395,312778,,241222,226372,,,,,,197,,,,6728,,,,,,,,,118977,350,178,,,,,,,,,,,,,,,,,,,,
1989,CANELONES ,211888,6425,5007,,223320,35424,,87251,70153,,,,,,27,,,,1099,,,,,,,,,17849,77,8,,,,,,,,,,,,,,,,,,,,
1989,MALDONADO ,64697,2387,524,,67608,7444,,28584,22331,,,,,,0,,,,834,,,,,,,,,5504,0,0,,,,,,,,,,,,,,,,,,,,
1989,ROCHA ,45515,1439,508,,47462,2752,,23134,17758,,,,,,4,,,,21,,,,,,,,,1846,0,0,,,,,,,,,,,,,,,,,,,,
1989,TREINTA Y TRES ,31064,752,189,,32005,1468,,16920,11695,,,,,,0,,,,95,,,,,,,,,886,0,0,,,,,,,,,,,,,,,,,,,,
1989,CERRO LARGO ,53203,1013,432,,54648,3007,,32577,15675,,,,,,0,,,,215,,,,,,,,,1729,0,0,,,,,,,,,,,,,,,,,,,,
1989,RIVERA ,61366,1792,587,,63745,3322,,30509,26299,,,,,,5,,,,64,,,,,,,,,1167,0,0,,,,,,,,,,,,,,,,,,,,
1989,ARTIGAS ,42800,1573,469,,44842,2193,,19766,19061,,,,,,0,,,,37,,,,,,,,,1743,0,0,,,,,,,,,,,,,,,,,,,,
1989,SALTO ,67801,2976,540,,71317,5771,,33628,24503,,,,,,0,,,,380,,,,,,,,,3519,0,0,,,,,,,,,,,,,,,,,,,,
1989,PAYSANDÚ ,66230,2655,492,,69377,6912,,34026,21099,,,,,,0,,,,264,,,,,,,,,3929,0,0,,,,,,,,,,,,,,,,,,,,
1989,RÍO NEGRO ,30086,1024,439,,31549,3214,,12302,13527,,,,,,4,,,,28,,,,,,,,,1011,0,0,,,,,,,,,,,,,,,,,,,,
1989,SORIANO  ,54514,1999,683,,57196,5517,,27284,18948,,,,,,7,,,,164,,,,,,,,,2594,0,0,,,,,,,,,,,,,,,,,,,,
1989,COLONIA ,79871,1900,805,,82576,9067,,40476,26249,,,,,,29,,,,194,,,,,,,,,3856,0,0,,,,,,,,,,,,,,,,,,,,
1989,SAN JOSÉ ,56723,1577,636,,58936,5901,,31716,14938,,,,,,0,,,,230,,,,,,,,,3920,14,4,,,,,,,,,,,,,,,,,,,,
1989,FLORES ,17120,560,151,,17831,1351,,9480,5544,,,,,,0,,,,61,,,,,,,,,684,0,0,,,,,,,,,,,,,,,,,,,,
1989,FLORIDA ,45167,971,392,,46530,4222,,22540,15224,,,,,,16,,,,95,,,,,,,,,3070,0,0,,,,,,,,,,,,,,,,,,,,
1989,DURAZNO ,35326,1094,417,,36837,2069,,21239,10776,,,,,,0,,,,68,,,,,,,,,1174,0,0,,,,,,,,,,,,,,,,,,,,
1989,LAVALLEJA ,44160,1168,497,,45825,2251,,22888,16629,,,,,,0,,,,143,,,,,,,,,2249,0,0,,,,,,,,,,,,,,,,,,,,
1989,TACUAREMBÓ ,56253,1593,510,,58356,3740,,30448,20183,,,,,,21,,,,115,,,,,,,,,1746,0,0,,,,,,,,,,,,,,,,,,,,
1989,URUGUAY,1970586,64284,21485,,2056355,418403,,765990,596964,,,,,,310,,,,10835,,,,,,,,,177453,441,190,,,,,,,,,,,,,,,,,,,,
1984,MONTEVIDEO ,884001,7449,6998,,898448,,297490,239080,318588,,297490,,,,488,,27953,,,,,,,,,,,,,153,249,,,,,,,,,,,,,,,,,,,
1984,CANELONES ,196509,2333,3274,,202116,,30978,72222,89223,,30978,,,,0,,4086,,,,,,,,,,,,,0,0,,,,,,,,,,,,,,,,,,,
1984,MALDONADO ,59009,1009,532,,60550,,6683,23011,27622,,6683,,,,0,,1693,,,,,,,,,,,,,0,0,,,,,,,,,,,,,,,,,,,
1984,ROCHA ,42550,664,259,,43473,,2809,17076,22157,,2809,,,,0,,508,,,,,,,,,,,,,0,0,,,,,,,,,,,,,,,,,,,
1984,TREINTA Y TRES ,29355,729,114,,30198,,1643,14457,13100,,1643,,,,0,,155,,,,,,,,,,,,,0,0,,,,,,,,,,,,,,,,,,,
1984,CERRO LARGO ,49275,811,487,,50573,,3126,25769,19994,,3126,,,,0,,386,,,,,,,,,,,,,0,0,,,,,,,,,,,,,,,,,,,
1984,RIVERA ,54891,1497,289,,56677,,3540,23345,27629,,3540,,,,0,,377,,,,,,,,,,,,,0,0,,,,,,,,,,,,,,,,,,,
1984,ARTIGAS ,37551,764,339,,38654,,2291,14391,20675,,2291,,,,0,,194,,,,,,,,,,,,,0,0,,,,,,,,,,,,,,,,,,,
1984,SALTO ,65640,1501,489,,67630,,6725,24699,33295,,6725,,,,0,,887,,,,,,,,,,,,,0,34,,,,,,,,,,,,,,,,,,,
1984,PAYSANDÚ ,62433,1729,373,,64535,,9073,26257,25939,,9073,,,,0,,1164,,,,,,,,,,,,,0,0,,,,,,,,,,,,,,,,,,,
1984,RÍO NEGRO ,28968,507,237,,29712,,2764,10382,15681,,2764,,,,0,,141,,,,,,,,,,,,,0,0,,,,,,,,,,,,,,,,,,,
1984,SORIANO  ,54231,850,333,,55414,,5672,23396,24102,,5672,,,,0,,1042,,,,,,,,,,,,,0,19,,,,,,,,,,,,,,,,,,,
1984,COLONIA ,77152,1117,653,,78922,,9312,33397,33388,,9312,,,,0,,1055,,,,,,,,,,,,,0,0,,,,,,,,,,,,,,,,,,,
1984,SAN JOSÉ ,53970,2174,600,,56744,,5880,24535,20374,,5880,,,,0,,3181,,,,,,,,,,,,,0,0,,,,,,,,,,,,,,,,,,,
1984,FLORES ,16550,565,74,,17189,,811,8415,6928,,811,,,,0,,396,,,,,,,,,,,,,0,0,,,,,,,,,,,,,,,,,,,
1984,FLORIDA ,43508,624,406,,44538,,3977,18384,20500,,3977,,,,0,,647,,,,,,,,,,,,,0,0,,,,,,,,,,,,,,,,,,,
1984,DURAZNO ,34308,1218,284,,35810,,1843,17715,14238,,1843,,,,0,,512,,,,,,,,,,,,,0,0,,,,,,,,,,,,,,,,,,,
1984,LAVALLEJA ,43829,947,234,,45010,,2251,19861,21039,,2251,,,,0,,678,,,,,,,,,,,,,0,0,,,,,,,,,,,,,,,,,,,
1984,TACUAREMBÓ ,52632,1594,512,,54738,,4236,24381,23229,,4236,,,,0,,786,,,,,,,,,,,,,0,0,,,,,,,,,,,,,,,,,,,
1984,URUGUAY,1886362,28082,16487,,1930931,,401104,660773,777701,,401104,,,,488,,45841,,,,,,,,,,,,,153,302,,,,,,,,,,,,,,,,,,,
1971,MONTEVIDEO ,704843,2524,21367,,728734,,212406,209651,278392,,,,,,,,,,,,,,,,,,,,192,,,3911,266,25,,,,,,,,,,,,,,,,
1971,CANELONES ,169875,586,6496,,176957,,19262,73714,76222,,,,,,,,,,,,,,,,,,,,44,,,611,22,0,,,,,,,,,,,,,,,,
1971,MALDONADO ,45497,191,511,,46199,,4337,17925,23089,,,,,,,,,,,,,,,,,,,,2,,,144,0,0,,,,,,,,,,,,,,,,
1971,ROCHA ,42502,134,1071,,43707,,2613,20597,19237,,,,,,,,,,,,,,,,,,,,0,,,55,0,0,,,,,,,,,,,,,,,,
1971,TREINTA Y TRES ,32547,30,790,,33367,,2386,17880,12234,,,,,,,,,,,,,,,,,,,,0,,,47,0,0,,,,,,,,,,,,,,,,
1971,CERRO LARGO ,50394,163,1308,,51865,,3457,30440,16475,,,,,,,,,,,,,,,,,,,,0,,,22,0,0,,,,,,,,,,,,,,,,
1971,RIVERA ,51835,220,714,,52769,,3947,25742,22044,,,,,,,,,,,,,,,,,,,,0,,,102,0,0,,,,,,,,,,,,,,,,
1971,ARTIGAS ,33741,143,676,,34560,,2656,12490,18477,,,,,,,,,,,,,,,,,,,,0,,,118,0,0,,,,,,,,,,,,,,,,
1971,SALTO ,61839,313,1199,,63351,,6635,28472,26446,,,,,,,,,,,,,,,,,,,,0,,,286,0,0,,,,,,,,,,,,,,,,
1971,PAYSANDÚ ,56424,347,967,,57738,,7464,23779,24752,,,,,,,,,,,,,,,,,,,,0,,,429,0,0,,,,,,,,,,,,,,,,
1971,RÍO NEGRO ,27972,154,331,,28457,,3550,12268,12143,,,,,,,,,,,,,,,,,,,,0,,,11,0,0,,,,,,,,,,,,,,,,
1971,SORIANO  ,54483,281,1262,,56026,,5562,25382,23384,,,,,,,,,,,,,,,,,,,,3,,,152,0,0,,,,,,,,,,,,,,,,
1971,COLONIA ,75562,281,635,,76478,,8457,37809,28998,,,,,,,,,,,,,,,,,,,,0,,,298,0,0,,,,,,,,,,,,,,,,
1971,SAN JOSÉ ,52558,171,723,,53452,,4895,27702,17991,,,,,,,,,,,,,,,,,,,,0,,,1970,0,0,,,,,,,,,,,,,,,,
1971,FLORES ,19122,71,396,,19589,,1500,10166,7292,,,,,,,,,,,,,,,,,,,,0,,,164,0,0,,,,,,,,,,,,,,,,
1971,FLORIDA ,45660,97,622,,46379,,3895,22727,18924,,,,,,,,,,,,,,,,,,,,0,,,114,0,0,,,,,,,,,,,,,,,,
1971,DURAZNO ,37170,105,988,,38263,,2976,19650,14476,,,,,,,,,,,,,,,,,,,,0,,,68,0,0,,,,,,,,,,,,,,,,
1971,LAVALLEJA ,47277,111,873,,48261,,3308,23972,19857,,,,,,,,,,,,,,,,,,,,0,,,140,0,0,,,,,,,,,,,,,,,,
1971,TACUAREMBÓ ,54818,217,1579,,56614,,4969,28456,21191,,,,,,,,,,,,,,,,,,,,0,,,202,0,0,,,,,,,,,,,,,,,,
1971,URUGUAY,1664119,6139,42508,,1712766,,304275,668822,681624,,,,,,,,,,,,,,,,,,,,241,,,8844,288,25,,,,,,,,,,,,,,,,
1966,MONTEVIDEO ,524457,,,,,,19746,167406,268253,,,74,,,,,,,,0,,,,,,,,,,,2227,,,,504,72,55854,8104,2198,,,,,,,,,,,
1966,CANELONES ,116255,,,,,,1978,48999,60420,,,0,,,,,,,,44,,,,,,,,,,,302,,,,1016,0,2944,310,242,,,,,,,,,,,
1966,MALDONADO ,31412,,,,,,686,12629,17009,,,0,,,,,,,,0,,,,,,,,,,,0,,,,0,0,883,152,53,,,,,,,,,,,
1966,ROCHA ,32772,,,,,,188,15562,16380,,,0,,,,,,,,0,,,,,,,,,,,4,,,,0,0,459,79,100,,,,,,,,,,,
1966,TREINTA Y TRES ,24076,,,,,,336,13394,9914,,,0,,,,,,,,0,,,,,,,,,,,17,,,,0,0,313,87,15,,,,,,,,,,,
1966,CERRO LARGO ,36294,,,,,,408,21621,13637,,,0,,,,,,,,0,,,,,,,,,,,0,,,,0,0,396,182,50,,,,,,,,,,,
1966,RIVERA ,40765,,,,,,703,18952,20422,,,0,,,,,,,,0,,,,,,,,,,,14,,,,0,0,561,101,12,,,,,,,,,,,
1966,ARTIGAS ,25037,,,,,,523,8242,15744,,,0,,,,,,,,0,,,,,,,,,,,0,,,,0,0,205,137,186,,,,,,,,,,,
1966,SALTO ,43867,,,,,,1008,18983,22029,,,0,,,,,,,,0,,,,,,,,,,,8,,,,0,0,874,594,371,,,,,,,,,,,
1966,PAYSANDÚ ,41835,,,,,,2598,16125,21788,,,0,,,,,,,,0,,,,,,,,,,,26,,,,0,0,875,395,28,,,,,,,,,,,
1966,RÍO NEGRO ,21033,,,,,,263,8666,11149,,,0,,,,,,,,0,,,,,,,,,,,0,,,,0,0,668,259,28,,,,,,,,,,,
1966,SORIANO  ,40739,,,,,,1036,18980,19432,,,0,,,,,,,,0,,,,,,,,,,,0,,,,0,0,963,247,81,,,,,,,,,,,
1966,COLONIA ,58247,,,,,,1600,28818,25845,,,0,,,,,,,,0,,,,,,,,,,,5,,,,0,0,1256,287,436,,,,,,,,,,,
1966,SAN JOSÉ ,38202,,,,,,2820,19165,15098,,,0,,,,,,,,0,,,,,,,,,,,9,,,,96,0,915,80,19,,,,,,,,,,,
1966,FLORES ,14933,,,,,,719,7615,6258,,,0,,,,,,,,0,,,,,,,,,,,0,,,,0,0,158,54,127,,,,,,,,,,,
1966,FLORIDA ,35880,,,,,,405,18494,16216,,,0,,,,,,,,0,,,,,,,,,,,25,,,,0,0,589,86,65,,,,,,,,,,,
1966,DURAZNO ,28913,,,,,,620,15287,12422,,,0,,,,,,,,0,,,,,,,,,,,4,,,,0,0,383,97,100,,,,,,,,,,,
1966,LAVALLEJA ,36255,,,,,,571,18046,16806,,,0,,,,,,,,0,,,,,,,,,,,14,,,,0,0,601,126,91,,,,,,,,,,,
1966,TACUAREMBÓ ,40790,,,,,,1011,19926,18811,,,0,,,,,,,,0,,,,,,,,,,,0,,,,0,0,853,161,28,,,,,,,,,,,
1966,URUGUAY,1231762,,,,,,37219,496910,607633,,,74,,,,,,,,44,,,,,,,,,,,2655,,,,1616,72,69750,11538,4230,,,,,,,,,,,
1962,MONTEVIDEO ,484045,,,,,,18172,190637,222232,,,,,13,22,,,,,49,,,,,,,367,,,,19677,,,,,63,32658,,,2,153,,,,,,,,,
1962,CANELONES ,107430,,,,,,2248,51309,51210,,,,,0,0,,,,,118,,,,,,,9,,,,981,,,,,0,1554,,,0,1,,,,,,,,,
1962,MALDONADO ,31994,,,,,,722,14770,15788,,,,,0,0,,,,,0,,,,,,,4,,,,327,,,,,0,383,,,0,0,,,,,,,,,
1962,ROCHA ,32408,,,,,,373,17326,14114,,,,,0,0,,,,,0,,,,,,,3,,,,301,,,,,0,291,,,0,0,,,,,,,,,
1962,TREINTA Y TRES ,24012,,,,,,296,14342,8886,,,,,0,0,,,,,0,,,,,,,0,,,,307,,,,,0,180,,,0,1,,,,,,,,,
1962,CERRO LARGO ,33263,,,,,,487,20970,11216,,,,,0,0,,,,,0,,,,,,,26,,,,363,,,,,0,201,,,0,0,,,,,,,,,
1962,RIVERA ,38513,,,,,,737,19562,17294,,,,,0,0,,,,,0,,,,,,,7,,,,498,,,,,0,415,,,0,0,,,,,,,,,
1962,ARTIGAS ,23463,,,,,,1008,8489,13588,,,,,0,0,,,,,0,,,,,,,30,,,,255,,,,,0,93,,,0,0,,,,,,,,,
1962,SALTO ,41997,,,,,,1340,19540,19760,,,,,0,0,,,,,0,,,,,,,54,,,,687,,,,,0,615,,,0,1,,,,,,,,,
1962,PAYSANDÚ ,41608,,,,,,1739,18213,20247,,,,,0,0,,,,,0,,,,,,,52,,,,713,,,,,0,600,,,0,44,,,,,,,,,
1962,RÍO NEGRO ,20421,,,,,,367,9777,9307,,,,,0,0,,,,,0,,,,,,,31,,,,452,,,,,0,486,,,0,1,,,,,,,,,
1962,SORIANO  ,41667,,,,,,1095,21267,18185,,,,,0,0,,,,,0,,,,,,,30,,,,501,,,,,0,589,,,0,0,,,,,,,,,
1962,COLONIA ,57310,,,,,,1507,32092,22348,,,,,0,0,,,,,0,,,,,,,7,,,,514,,,,,0,837,,,0,5,,,,,,,,,
1962,SAN JOSÉ ,37208,,,,,,1968,21018,13469,,,,,0,0,,,,,0,,,,,,,3,,,,227,,,,,0,522,,,0,1,,,,,,,,,
1962,FLORES ,14818,,,,,,710,8664,5261,,,,,0,0,,,,,0,,,,,,,2,,,,83,,,,,0,95,,,0,3,,,,,,,,,
1962,FLORIDA ,36011,,,,,,601,19681,15176,,,,,0,0,,,,,0,,,,,,,1,,,,239,,,,,0,312,,,0,1,,,,,,,,,
1962,DURAZNO ,29205,,,,,,661,16945,11167,,,,,0,0,,,,,0,,,,,,,4,,,,214,,,,,0,213,,,0,1,,,,,,,,,
1962,LAVALLEJA ,36855,,,,,,639,20390,15156,,,,,0,0,,,,,0,,,,,,,0,,,,296,,,,,0,374,,,0,0,,,,,,,,,
1962,TACUAREMBÓ ,38792,,,,,,1033,20037,16827,,,,,0,0,,,,,0,,,,,,,20,,,,406,,,,,0,468,,,0,1,,,,,,,,,
1962,URUGUAY,1171020,,,,,,35703,545029,521231,,,,,13,22,,,,,167,,,,,,,650,,,,27041,,,,,63,40886,,,2,213,,,,,,,,,
1958,MONTEVIDEO ,408509,,,,,,,176726,148206,,,,,52,,,,20041,,,,,,,,,,,,,,,,,,,,27904,,,134,22196,7045,6063,142,0,,,,
1958,CANELONES ,86444,,,,,,,41962,39875,,,,,0,,,,2288,,,,,,,,,,,,,,,,,,,,752,,,2,948,458,159,0,0,,,,
1958,MALDONADO ,26498,,,,,,,12686,11828,,,,,0,,,,651,,,,,,,,,,,,,,,,,,,,299,,,0,136,898,0,0,0,,,,
1958,ROCHA ,29111,,,,,,,16656,9735,,,,,0,,,,436,,,,,,,,,,,,,,,,,,,,238,,,0,207,1839,0,0,0,,,,
1958,TREINTA Y TRES ,21610,,,,,,,12682,6853,,,,,0,,,,246,,,,,,,,,,,,,,,,,,,,184,,,0,130,1515,0,0,0,,,,
1958,CERRO LARGO ,29777,,,,,,,19067,8282,,,,,0,,,,519,,,,,,,,,,,,,,,,,,,,355,,,0,103,1396,55,0,0,,,,
1958,RIVERA ,32833,,,,,,,15909,14747,,,,,0,,,,567,,,,,,,,,,,,,,,,,,,,623,,,0,334,653,0,0,0,,,,
1958,ARTIGAS ,20773,,,,,,,7252,11771,,,,,0,,,,1348,,,,,,,,,,,,,,,,,,,,125,,,0,43,234,0,0,0,,,,
1958,SALTO ,35726,,,,,,,17213,13912,,,,,0,,,,1738,,,,,,,,,,,,,,,,,,,,1236,,,0,308,1319,0,0,0,,,,
1958,PAYSANDÚ ,35587,,,,,,,17678,15011,,,,,0,,,,1598,,,,,,,,,,,,,,,,,,,,413,,,0,340,495,0,0,52,,,,
1958,RÍO NEGRO ,17660,,,,,,,9195,7200,,,,,0,,,,446,,,,,,,,,,,,,,,,,,,,446,,,0,373,0,0,0,0,,,,
1958,SORIANO  ,37037,,,,,,,20960,13941,,,,,0,,,,1019,,,,,,,,,,,,,,,,,,,,752,,,0,365,0,0,0,0,,,,
1958,COLONIA ,50606,,,,,,,30069,16412,,,,,0,,,,1601,,,,,,,,,,,,,,,,,,,,807,,,0,418,1299,0,0,0,,,,
1958,SAN JOSÉ ,33273,,,,,,,19808,11211,,,,,0,,,,1550,,,,,,,,,,,,,,,,,,,,244,,,0,321,117,22,0,0,,,,
1958,FLORES ,13128,,,,,,,8173,3875,,,,,0,,,,707,,,,,,,,,,,,,,,,,,,,135,,,0,46,192,0,0,0,,,,
1958,FLORIDA ,33240,,,,,,,19198,12291,,,,,0,,,,685,,,,,,,,,,,,,,,,,,,,222,,,1,172,671,0,0,0,,,,
1958,DURAZNO ,26545,,,,,,,16814,8122,,,,,0,,,,705,,,,,,,,,,,,,,,,,,,,216,,,0,127,535,26,0,0,,,,
1958,LAVALLEJA ,32728,,,,,,,19381,11408,,,,,0,,,,641,,,,,,,,,,,,,,,,,,,,227,,,5,211,855,0,0,0,,,,
1958,TACUAREMBÓ ,34277,,,,,,,17996,14382,,,,,0,,,,839,,,,,,,,,,,,,,,,,,,,300,,,0,302,458,0,0,0,,,,
1958,URUGUAY,1005362,,,,,,,499425,379062,,,,,52,,,,37625,,,,,,,,,,,,,,,,,,,,35478,,,142,27080,19979,6325,142,52,,,,
1954,MONTEVIDEO ,349448,,,,,,,99806,179383,,,,,,,,,25872,,,,,,,,,,,,,,,,,,,,22967,,,,16247,,,,,5038,70,65,
1954,CANELONES ,75575,,,,,,,27436,42571,,,,,,,,,2680,,,,,,,,,,,,,,,,,,,,582,,,,570,,,,,1717,19,0,
1954,MALDONADO ,23240,,,,,,,6547,13606,,,,,,,,,908,,,,,,,,,,,,,,,,,,,,235,,,,100,,,,,1844,0,0,
1954,ROCHA ,26514,,,,,,,7117,13589,,,,,,,,,551,,,,,,,,,,,,,,,,,,,,160,,,,184,,,,,4913,0,0,
1954,TREINTA Y TRES ,18223,,,,,,,10422,7008,,,,,,,,,233,,,,,,,,,,,,,,,,,,,,91,,,,73,,,,,396,0,0,
1954,CERRO LARGO ,26611,,,,,,,13124,12168,,,,,,,,,557,,,,,,,,,,,,,,,,,,,,257,,,,96,,,,,409,0,0,
1954,RIVERA ,30248,,,,,,,12108,16730,,,,,,,,,584,,,,,,,,,,,,,,,,,,,,237,,,,249,,,,,340,0,0,
1954,ARTIGAS ,18294,,,,,,,5151,11826,,,,,,,,,1085,,,,,,,,,,,,,,,,,,,,51,,,,32,,,,,149,0,0,
1954,SALTO ,30728,,,,,,,10372,16483,,,,,,,,,1366,,,,,,,,,,,,,,,,,,,,962,,,,185,,,,,1360,0,0,
1954,PAYSANDÚ ,30895,,,,,,,10481,15366,,,,,,,,,1548,,,,,,,,,,,,,,,,,,,,430,,,,264,,,,,2806,0,0,
1954,RÍO NEGRO ,14793,,,,,,,5267,7507,,,,,,,,,327,,,,,,,,,,,,,,,,,,,,541,,,,232,,,,,919,0,0,
1954,SORIANO  ,33099,,,,,,,12457,14476,,,,,,,,,1042,,,,,,,,,,,,,,,,,,,,617,,,,270,,,,,4237,0,0,
1954,COLONIA ,45810,,,,,,,18724,21496,,,,,,,,,1856,,,,,,,,,,,,,,,,,,,,656,,,,287,,,,,2791,0,0,
1954,SAN JOSÉ ,30036,,,,,,,13460,13774,,,,,,,,,1782,,,,,,,,,,,,,,,,,,,,160,,,,163,,,,,697,0,0,
1954,FLORES ,12171,,,,,,,6408,4511,,,,,,,,,714,,,,,,,,,,,,,,,,,,,,80,,,,28,,,,,430,0,0,
1954,FLORIDA ,30764,,,,,,,13874,14644,,,,,,,,,812,,,,,,,,,,,,,,,,,,,,167,,,,156,,,,,1111,0,0,
1954,DURAZNO ,24109,,,,,,,12788,9454,,,,,,,,,833,,,,,,,,,,,,,,,,,,,,145,,,,85,,,,,804,0,0,
1954,LAVALLEJA ,28109,,,,,,,12263,13545,,,,,,,,,792,,,,,,,,,,,,,,,,,,,,189,,,,148,,,,,1172,0,0,
1954,TACUAREMBÓ ,30575,,,,,,,12013,16292,,,,,,,,,713,,,,,,,,,,,,,,,,,,,,177,,,,172,,,,,1208,0,0,
1954,URUGUAY,879242,,,,,,,309818,444429,,,,,,,,,44255,,,,,,,,,,,,,,,,,,,,28704,,,,19541,,,,,32341,89,65,
